<filetype binary="false" description="Viper intermediate verification language" name="Viper">
  <highlighting>
    <options>
      <option name="LINE_COMMENT" value="//" />
      <option name="COMMENT_START" value="/*" />
      <option name="COMMENT_END" value="*/" />
      <option name="HEX_PREFIX" value="" />
      <option name="NUM_POSTFIXES" value="" />
      <option name="HAS_BRACES" value="true" />
      <option name="HAS_BRACKETS" value="true" />
      <option name="HAS_PARENS" value="true" />
    </options>
    <keywords keywords="acc;apply;applying;assert;assume;else;elseif;exhale;exists;fold;forall;forperm;fresh;goto;if;in;inhale;intersection;new;old;package;perm;setminus;subset;unfold;unfolding;union;unique;var;while" ignore_case="false" />
    <keywords2 keywords="Bool;Int;Multiset;Perm;Ref;Seq;Set" />
    <keywords3 keywords="axiom;define;domain;ensures;field;function;invariant;method;predicate;requires;returns" />
    <keywords4 keywords="epsilon;false;none;null;result;true;wildcard;write" />
  </highlighting>
  <extensionMap>
    <mapping ext="vpr" />
    <mapping ext="sil" />
  </extensionMap>
</filetype>